,timestamp,value
0,2015-7-10 14:24,564
1,2015-7-10 14:38,730
2,2015-7-10 14:48,770
3,2015-7-10 15:03,910
4,2015-7-10 15:22,1035
5,2015-7-10 15:32,1065
6,2015-7-10 15:42,953
7,2015-7-10 15:52,1005
8,2015-7-10 16:02,996
9,2015-7-10 16:12,901
10,2015-7-10 16:22,939
11,2015-7-10 16:32,988
12,2015-7-10 16:42,1020
13,2015-7-10 16:52,876
14,2015-7-10 17:02,870
15,2015-7-10 17:12,809
16,2015-7-10 17:22,884
17,2015-7-10 17:32,926
18,2015-7-10 17:42,829
19,2015-7-10 18:02,712
20,2015-7-10 18:12,624
21,2015-7-10 18:22,632
22,2015-7-10 18:32,596
23,2015-7-10 18:42,510
24,2015-7-10 18:52,526
25,2015-7-10 19:32,99
26,2015-7-10 19:42,85
27,2015-7-10 20:02,85
28,2015-7-10 20:12,87
29,2015-7-10 20:22,93
30,2015-7-10 20:42,57
31,2015-7-10 21:32,101
32,2015-7-11 10:10,177
33,2015-7-11 10:30,221
34,2015-7-11 11:00,332
35,2015-7-11 11:10,338
36,2015-7-11 11:20,263
37,2015-7-11 11:30,304
38,2015-7-11 11:40,358
39,2015-7-11 11:50,385
40,2015-7-11 12:00,397
41,2015-7-11 12:10,426
42,2015-7-11 12:20,461
43,2015-7-11 12:28,418
44,2015-7-11 12:38,448
45,2015-7-11 12:43,432
46,2015-7-11 12:53,416
47,2015-7-11 12:57,425
48,2015-7-11 13:07,439
49,2015-7-11 13:09,423
50,2015-7-11 13:19,370
51,2015-7-11 13:29,404
52,2015-7-11 13:39,387
53,2015-7-11 14:41,185
54,2015-7-11 15:01,184
55,2015-7-11 16:53,104
56,2015-7-11 17:02,108
57,2015-7-11 17:13,121
58,2015-7-11 17:23,120
59,2015-7-11 17:33,127
60,2015-7-11 18:23,52
61,2015-7-12 10:56,93
62,2015-7-12 12:36,151
63,2015-7-12 12:46,161
64,2015-7-12 12:56,160
65,2015-7-12 13:36,177
66,2015-7-12 15:26,193
67,2015-7-12 19:13,119
68,2015-7-13 9:15,143
69,2015-7-13 9:45,151
70,2015-7-13 12:07,138
71,2015-7-13 12:37,143
72,2015-7-13 12:47,146
73,2015-7-13 14:37,173
74,2015-7-13 15:27,226
75,2015-7-13 15:57,206
76,2015-7-13 16:07,243
77,2015-7-13 16:27,238
78,2015-7-13 16:47,294
79,2015-7-13 17:07,226
80,2015-7-13 17:17,209
81,2015-7-13 17:57,222
82,2015-7-13 18:06,136
83,2015-7-13 18:46,129
84,2015-7-13 18:56,133
85,2015-7-14 9:10,182
86,2015-7-14 9:40,253
87,2015-7-14 9:50,218
88,2015-7-14 10:10,216
89,2015-7-14 10:20,203
90,2015-7-14 13:11,143
91,2015-7-14 14:01,103
92,2015-7-14 14:41,162
93,2015-7-14 14:51,180
94,2015-7-14 15:01,223
95,2015-7-14 15:11,282
96,2015-7-14 15:21,262
97,2015-7-14 15:51,289
98,2015-7-14 16:01,260
99,2015-7-14 16:09,271
100,2015-7-14 16:19,248
101,2015-7-14 16:25,234
102,2015-7-14 17:05,309
103,2015-7-14 17:07,319
104,2015-7-14 17:27,266
105,2015-7-14 17:57,207
106,2015-7-14 18:17,198
107,2015-7-14 18:47,223
108,2015-7-14 18:57,250
109,2015-7-14 19:17,193
110,2015-7-15 9:37,144
111,2015-7-15 11:37,121
112,2015-7-15 12:54,104
113,2015-7-15 14:54,161
114,2015-7-15 15:34,178
115,2015-7-15 16:14,161
116,2015-7-15 16:54,204
117,2015-7-15 17:04,195
118,2015-7-15 17:24,189
119,2015-7-15 17:44,214
120,2015-7-15 18:04,204
121,2015-7-15 18:34,220
122,2015-7-15 18:44,219
123,2015-7-16 11:44,154
124,2015-7-16 14:19,118
125,2015-7-16 14:29,124
126,2015-7-16 14:59,174
127,2015-7-16 15:09,232
128,2015-7-16 15:19,316
129,2015-7-16 15:29,340
130,2015-7-16 15:39,398
131,2015-7-16 15:49,401
132,2015-7-16 15:50,392
133,2015-7-16 16:09,349
134,2015-7-16 16:29,388
135,2015-7-16 16:39,345
136,2015-7-16 16:49,363
137,2015-7-16 16:59,516
138,2015-7-16 17:09,460
139,2015-7-16 17:19,411
140,2015-7-16 17:29,413
141,2015-7-16 17:39,331
142,2015-7-16 17:49,367
143,2015-7-16 17:59,330
144,2015-7-16 18:09,288
145,2015-7-16 18:19,293
146,2015-7-16 18:59,225
147,2015-7-16 19:19,226
148,2015-7-16 19:29,200
149,2015-7-16 19:49,203
150,2015-7-16 20:09,197
151,2015-7-17 18:11,1185
152,2015-7-17 18:21,1081
153,2015-7-17 18:31,1174
154,2015-7-17 18:45,1336
155,2015-7-17 18:55,1174
156,2015-7-17 19:05,839
157,2015-7-17 19:15,657
158,2015-7-17 19:25,507
159,2015-7-17 19:35,274
160,2015-7-17 19:45,241
161,2015-7-17 19:55,187
162,2015-7-17 20:05,165
163,2015-7-17 20:25,86
164,2015-7-17 20:55,93
165,2015-7-18 3:56,57
166,2015-7-18 4:56,93
167,2015-7-18 10:06,131
168,2015-7-18 10:16,123
169,2015-7-18 11:26,109
170,2015-7-18 11:46,118
171,2015-7-18 11:56,128
172,2015-7-18 12:36,246
173,2015-7-18 12:46,231
174,2015-7-18 13:46,309
175,2015-7-18 14:36,217
176,2015-7-18 16:26,87
177,2015-7-18 16:56,85
178,2015-7-18 17:16,79
179,2015-7-18 18:56,73
180,2015-7-18 19:16,92
181,2015-7-19 10:53,97
182,2015-7-19 11:25,96
183,2015-7-19 12:35,172
184,2015-7-19 12:45,179
185,2015-7-19 13:05,178
186,2015-7-19 13:25,183
187,2015-7-19 13:45,150
188,2015-7-19 14:55,174
189,2015-7-19 15:45,166
190,2015-7-19 16:35,161
191,2015-7-19 16:45,151
192,2015-7-19 16:55,169
193,2015-7-20 6:05,94
194,2015-7-20 6:15,99
195,2015-7-20 7:55,134
196,2015-7-20 9:55,152
197,2015-7-20 10:15,153
198,2015-7-20 10:55,132
199,2015-7-20 11:35,134
200,2015-7-20 11:51,141
201,2015-7-21 0:50,23
202,2015-7-21 1:00,21
203,2015-7-21 1:10,95
204,2015-7-21 1:20,90
205,2015-7-21 1:50,89
206,2015-7-21 3:00,90
207,2015-7-21 3:10,103
208,2015-7-21 3:30,67
209,2015-7-21 4:30,24
210,2015-7-21 4:40,53
211,2015-7-21 9:00,197
212,2015-7-21 9:10,202
213,2015-7-21 11:20,120
214,2015-7-21 13:20,139
215,2015-7-21 13:30,215
216,2015-7-21 13:40,196
217,2015-7-21 14:10,229
218,2015-7-21 14:20,173
219,2015-7-21 14:40,178
220,2015-7-21 14:50,198
221,2015-7-21 15:00,192
222,2015-7-21 15:30,316
223,2015-7-21 15:50,263
224,2015-7-21 16:00,250
225,2015-7-21 16:20,237
226,2015-7-21 16:30,302
227,2015-7-21 16:40,292
228,2015-7-21 17:00,318
229,2015-7-21 17:10,294
230,2015-7-21 17:20,245
231,2015-7-21 17:40,246
232,2015-7-21 18:00,252
233,2015-7-21 18:10,211
234,2015-7-21 18:30,218
235,2015-7-21 19:00,150
236,2015-7-22 0:04,87
237,2015-7-22 0:14,96
238,2015-7-22 1:44,56
239,2015-7-22 2:24,116
240,2015-7-22 3:44,95
241,2015-7-22 3:54,87
242,2015-7-22 4:14,86
243,2015-7-22 4:24,32
244,2015-7-22 4:34,28
245,2015-7-22 4:44,29
246,2015-7-22 4:54,12
247,2015-7-22 5:04,12
248,2015-7-22 5:14,12
249,2015-7-22 9:04,147
250,2015-7-22 9:14,140
251,2015-7-22 14:43,161
252,2015-7-22 14:53,183
253,2015-7-22 15:03,224
254,2015-7-22 15:43,325
255,2015-7-22 16:23,288
256,2015-7-22 16:33,263
257,2015-7-22 16:53,320
258,2015-7-22 17:03,365
259,2015-7-22 17:13,331
260,2015-7-22 17:23,316
261,2015-7-22 17:53,369
262,2015-7-22 18:03,303
263,2015-7-22 18:13,267
264,2015-7-22 18:23,232
265,2015-7-22 18:33,241
266,2015-7-22 19:03,237
267,2015-7-22 19:13,196
268,2015-7-22 19:23,137
269,2015-7-23 3:55,2858
270,2015-7-23 4:15,2781
271,2015-7-23 4:24,2891
272,2015-7-23 11:55,123
273,2015-7-23 12:05,236
274,2015-7-23 12:25,314
275,2015-7-23 14:35,256
276,2015-7-23 14:45,267
277,2015-7-23 14:55,275
278,2015-7-23 15:15,370
279,2015-7-23 15:35,362
280,2015-7-23 15:45,340
281,2015-7-23 15:55,320
282,2015-7-23 16:05,221
283,2015-7-23 16:15,265
284,2015-7-23 16:25,248
285,2015-7-23 16:55,316
286,2015-7-23 17:05,342
287,2015-7-23 17:15,321
288,2015-7-23 17:25,319
289,2015-7-23 17:45,335
290,2015-7-23 17:55,317
291,2015-7-23 18:15,328
292,2015-7-23 18:25,306
293,2015-7-23 18:35,305
294,2015-7-23 18:45,269
295,2015-7-23 18:55,273
296,2015-7-23 19:05,261
297,2015-7-23 19:15,238
298,2015-7-23 19:25,208
299,2015-7-23 23:35,105
300,2015-7-24 9:29,141
301,2015-7-24 10:08,144
302,2015-7-24 10:49,170
303,2015-7-24 11:19,167
304,2015-7-24 11:39,179
305,2015-7-24 11:49,178
306,2015-7-24 11:59,177
307,2015-7-24 12:09,203
308,2015-7-24 12:19,236
309,2015-7-24 12:29,258
310,2015-7-24 12:39,251
311,2015-7-24 12:44,265
312,2015-7-24 16:59,319
313,2015-7-24 17:09,287
314,2015-7-24 17:29,293
315,2015-7-24 17:59,211
316,2015-7-24 18:29,142
317,2015-7-24 18:39,176
318,2015-7-24 18:49,184
319,2015-7-24 18:59,201
320,2015-7-24 19:09,193
321,2015-7-24 19:19,157
322,2015-7-24 19:39,75
323,2015-7-24 19:49,116
324,2015-7-24 19:59,127
325,2015-7-24 20:09,98
326,2015-7-24 20:19,106
327,2015-7-24 20:29,126
328,2015-7-24 20:39,63
329,2015-7-24 20:59,91
330,2015-7-24 21:29,115
331,2015-7-24 21:39,112
332,2015-7-25 1:29,670
333,2015-7-25 5:39,2941
334,2015-7-25 5:59,2848
335,2015-7-25 6:03,2924
336,2015-7-25 9:34,213
337,2015-7-25 9:54,241
338,2015-7-25 10:04,260
339,2015-7-25 10:14,242
340,2015-7-25 10:54,250
341,2015-7-25 11:04,316
342,2015-7-25 11:14,325
343,2015-7-25 11:24,275
344,2015-7-25 11:34,283
345,2015-7-25 11:44,301
346,2015-7-25 11:54,373
347,2015-7-25 12:04,428
348,2015-7-25 12:14,407
349,2015-7-25 12:24,414
350,2015-7-25 12:34,438
351,2015-7-25 12:44,526
352,2015-7-25 12:54,478
353,2015-7-25 13:14,384
354,2015-7-25 13:24,374
355,2015-7-25 13:34,462
356,2015-7-25 13:54,398
357,2015-7-25 14:34,366
358,2015-7-25 14:44,311
359,2015-7-25 15:04,227
360,2015-7-25 16:14,148
361,2015-7-25 16:24,137
362,2015-7-25 16:34,144
363,2015-7-25 16:54,149
364,2015-7-25 17:04,126
365,2015-7-25 17:14,78
366,2015-7-25 17:34,95
367,2015-7-25 18:24,55
368,2015-7-25 18:34,57
369,2015-7-25 18:54,69
370,2015-7-25 19:04,88
371,2015-7-26 10:55,105
372,2015-7-26 11:25,107
373,2015-7-26 12:25,228
374,2015-7-26 12:35,249
375,2015-7-26 12:45,222
376,2015-7-26 12:55,133
377,2015-7-26 15:25,131
378,2015-7-26 19:15,126
379,2015-7-26 19:25,146
380,2015-7-27 7:46,117
381,2015-7-27 9:06,182
382,2015-7-27 9:26,146
383,2015-7-27 9:36,161
384,2015-7-27 9:46,193
385,2015-7-27 10:16,217
386,2015-7-27 10:26,187
387,2015-7-27 10:56,153
388,2015-7-27 11:26,161
389,2015-7-27 11:36,155
390,2015-7-27 11:56,213
391,2015-7-27 12:06,142
392,2015-7-27 12:16,196
393,2015-7-27 12:26,189
394,2015-7-27 12:56,187
395,2015-7-27 13:36,190
396,2015-7-27 13:46,184
397,2015-7-27 16:36,224
398,2015-7-27 17:06,322
399,2015-7-27 17:16,296
400,2015-7-27 17:26,274
401,2015-7-27 17:36,278
402,2015-7-27 18:06,172
403,2015-7-27 18:26,202
404,2015-7-27 18:36,214
405,2015-7-27 18:46,182
406,2015-7-27 18:56,179
407,2015-7-28 13:46,102
408,2015-7-28 13:56,95
409,2015-7-28 14:06,141
410,2015-7-28 14:26,136
411,2015-7-28 14:36,175
412,2015-7-28 14:46,187
413,2015-7-28 14:56,175
414,2015-7-28 15:26,211
415,2015-7-28 15:46,239
416,2015-7-28 15:56,251
417,2015-7-28 16:22,245
418,2015-7-28 16:23,241
419,2015-7-28 16:33,209
420,2015-7-28 16:43,223
421,2015-7-28 16:53,290
422,2015-7-28 17:03,272
423,2015-7-28 17:33,268
424,2015-7-28 17:53,228
425,2015-7-28 18:23,211
426,2015-7-29 10:13,157
427,2015-7-30 9:59,290
428,2015-7-30 12:29,2003
429,2015-7-30 12:59,188
430,2015-7-30 13:49,700
431,2015-7-30 13:59,556
432,2015-7-30 14:09,931
433,2015-7-30 14:19,117
434,2015-7-30 14:29,450
435,2015-7-30 14:39,221
436,2015-7-30 14:59,195
437,2015-7-30 15:09,243
438,2015-7-30 15:19,233
439,2015-7-30 15:39,274
440,2015-7-30 16:09,410
441,2015-7-30 16:19,414
442,2015-7-30 16:29,417
443,2015-7-30 16:39,820
444,2015-7-30 16:49,1010
445,2015-7-30 16:59,903
446,2015-7-30 17:09,965
447,2015-7-30 17:19,837
448,2015-7-30 17:21,897
449,2015-7-30 18:10,207
450,2015-7-30 18:30,199
451,2015-7-30 18:37,241
452,2015-7-30 21:09,292
453,2015-7-30 22:22,484
454,2015-7-31 3:11,91
455,2015-7-31 6:29,88
456,2015-7-31 6:37,91
457,2015-7-31 15:59,402
458,2015-7-31 16:09,534
459,2015-7-31 16:19,561
460,2015-7-31 16:29,584
461,2015-7-31 16:39,642
462,2015-7-31 16:49,593
463,2015-7-31 16:59,592
464,2015-7-31 17:09,625
465,2015-7-31 17:19,719
466,2015-7-31 17:29,810
467,2015-7-31 17:39,790
468,2015-7-31 17:41,789
469,2015-7-31 18:01,863
470,2015-7-31 18:11,722
471,2015-7-31 18:21,714
472,2015-7-31 18:31,860
473,2015-7-31 18:51,949
474,2015-7-31 19:01,1099
475,2015-7-31 19:11,718
476,2015-7-31 19:21,574
477,2015-7-31 19:31,570
478,2015-7-31 19:41,282
479,2015-7-31 19:51,288
480,2015-7-31 20:01,234
481,2015-7-31 20:11,149
482,2015-7-31 20:31,134
483,2015-7-31 20:41,87
484,2015-7-31 20:51,110
485,2015-7-31 21:01,108
486,2015-7-31 21:21,146
487,2015-7-31 21:31,174
488,2015-7-31 21:41,180
489,2015-7-31 22:11,182
490,2015-8-1 16:50,90
491,2015-8-1 17:00,89
492,2015-8-1 18:00,61
493,2015-8-1 18:20,49
494,2015-8-1 18:40,59
495,2015-8-1 18:50,68
496,2015-8-1 19:00,70
497,2015-8-2 10:56,94
498,2015-8-2 11:26,116
499,2015-8-2 11:36,171
500,2015-8-2 12:06,169
501,2015-8-2 18:57,99
502,2015-8-3 8:57,143
503,2015-8-3 9:07,149
504,2015-8-3 9:27,152
505,2015-8-3 9:37,165
506,2015-8-3 9:47,165
507,2015-8-3 9:57,160
508,2015-8-3 10:27,157
509,2015-8-3 10:37,183
510,2015-8-3 12:47,191
511,2015-8-3 13:07,179
512,2015-8-3 13:37,185
513,2015-8-3 14:48,248
514,2015-8-3 15:08,188
515,2015-8-3 15:28,215
516,2015-8-3 15:38,207
517,2015-8-3 15:58,284
518,2015-8-3 16:18,355
519,2015-8-3 16:38,337
520,2015-8-3 16:58,234
521,2015-8-3 17:08,169
522,2015-8-3 17:28,210
523,2015-8-3 17:38,260
524,2015-8-3 17:58,237
525,2015-8-3 18:08,193
526,2015-8-3 18:28,162
527,2015-8-4 8:28,132
528,2015-8-4 11:44,111
529,2015-8-4 13:44,159
530,2015-8-4 13:54,119
531,2015-8-4 14:14,215
532,2015-8-4 14:34,148
533,2015-8-4 14:44,185
534,2015-8-4 14:54,236
535,2015-8-4 15:04,267
536,2015-8-4 15:14,266
537,2015-8-4 15:24,354
538,2015-8-4 15:34,355
539,2015-8-4 15:44,374
540,2015-8-4 15:54,402
541,2015-8-4 16:04,460
542,2015-8-4 16:14,493
543,2015-8-4 16:24,548
544,2015-8-4 16:34,535
545,2015-8-4 16:54,681
546,2015-8-4 17:04,760
547,2015-8-4 17:14,763
548,2015-8-4 17:24,741
549,2015-8-4 17:34,776
550,2015-8-4 17:44,824
551,2015-8-4 17:54,919
552,2015-8-4 18:04,882
553,2015-8-4 18:14,809
554,2015-8-4 18:24,801
555,2015-8-4 18:31,662
556,2015-8-4 18:41,536
557,2015-8-4 18:51,366
558,2015-8-4 19:01,230
559,2015-8-4 19:11,157
560,2015-8-4 23:21,124
561,2015-8-4 23:41,151
562,2015-8-5 9:01,160
563,2015-8-5 9:11,139
564,2015-8-5 12:27,239
565,2015-8-5 12:47,152
566,2015-8-5 12:57,188
567,2015-8-5 13:27,297
568,2015-8-5 14:17,295
569,2015-8-5 14:27,319
570,2015-8-5 14:47,423
571,2015-8-5 14:57,364
572,2015-8-5 15:06,343
573,2015-8-5 15:27,344
574,2015-8-5 15:37,374
575,2015-8-5 15:47,308
576,2015-8-5 15:56,347
577,2015-8-5 16:07,282
578,2015-8-5 16:46,239
579,2015-8-5 16:56,264
580,2015-8-5 17:06,255
581,2015-8-5 17:16,240
582,2015-8-5 17:36,279
583,2015-8-5 17:46,288
584,2015-8-5 17:57,361
585,2015-8-5 18:26,258
586,2015-8-5 18:36,201
587,2015-8-5 18:46,198
588,2015-8-5 18:56,165
589,2015-8-5 19:06,145
590,2015-8-6 1:58,125
591,2015-8-6 15:08,200
592,2015-8-6 15:18,214
593,2015-8-6 15:38,297
594,2015-8-6 15:58,332
595,2015-8-6 16:08,379
596,2015-8-6 16:18,391
597,2015-8-6 16:28,277
598,2015-8-6 16:58,256
599,2015-8-6 17:08,318
600,2015-8-6 17:18,326
601,2015-8-6 17:38,342
602,2015-8-6 17:48,272
603,2015-8-6 18:18,173
604,2015-8-6 18:28,141
605,2015-8-6 18:48,153
606,2015-8-6 18:58,172
607,2015-8-6 19:28,171
608,2015-8-6 23:48,81
609,2015-8-7 5:40,99
610,2015-8-7 9:10,150
611,2015-8-7 9:20,173
612,2015-8-7 9:40,217
613,2015-8-7 10:00,330
614,2015-8-7 10:10,369
615,2015-8-7 10:40,521
616,2015-8-7 10:50,712
617,2015-8-7 11:00,648
618,2015-8-7 11:10,623
619,2015-8-7 11:20,615
620,2015-8-7 11:30,631
621,2015-8-7 11:40,612
622,2015-8-7 11:50,706
623,2015-8-7 12:00,685
624,2015-8-7 12:10,546
625,2015-8-7 12:30,628
626,2015-8-7 12:40,635
627,2015-8-7 12:50,736
628,2015-8-7 13:00,725
629,2015-8-7 13:10,773
630,2015-8-7 13:20,587
631,2015-8-7 13:30,701
632,2015-8-7 13:40,819
633,2015-8-7 13:50,832
634,2015-8-7 14:00,911
635,2015-8-7 14:10,943
636,2015-8-7 14:20,948
637,2015-8-7 14:30,796
638,2015-8-7 14:40,709
639,2015-8-7 14:50,613
640,2015-8-7 15:00,683
641,2015-8-7 15:10,689
642,2015-8-7 15:20,800
643,2015-8-7 15:50,826
644,2015-8-7 16:07,617
645,2015-8-7 16:17,636
646,2015-8-7 16:27,707
647,2015-8-7 16:37,762
648,2015-8-7 16:47,615
649,2015-8-7 16:57,540
650,2015-8-7 17:07,601
651,2015-8-7 17:17,742
652,2015-8-7 17:27,611
653,2015-8-7 17:37,577
654,2015-8-7 17:47,571
655,2015-8-7 18:17,342
656,2015-8-7 18:37,295
657,2015-8-7 18:47,269
658,2015-8-7 18:57,200
659,2015-8-7 19:37,101
660,2015-8-7 19:47,189
661,2015-8-7 19:57,137
662,2015-8-7 20:07,118
663,2015-8-7 20:17,138
664,2015-8-7 20:27,145
665,2015-8-7 20:37,120
666,2015-8-7 20:47,130
667,2015-8-7 21:17,109
668,2015-8-7 21:37,110
669,2015-8-7 23:47,85
670,2015-8-8 3:58,62
671,2015-8-8 8:48,175
672,2015-8-8 9:08,201
673,2015-8-8 9:28,185
674,2015-8-8 9:38,231
675,2015-8-8 9:48,255
676,2015-8-8 9:58,267
677,2015-8-8 10:08,280
678,2015-8-8 10:18,279
679,2015-8-8 11:08,345
680,2015-8-8 11:18,240
681,2015-8-8 11:28,241
682,2015-8-8 11:38,247
683,2015-8-8 11:58,279
684,2015-8-8 12:38,251
685,2015-8-8 13:18,275
686,2015-8-8 13:28,296
687,2015-8-8 13:58,355
688,2015-8-8 14:28,289
689,2015-8-8 14:38,278
690,2015-8-8 14:48,167
691,2015-8-8 14:58,122
692,2015-8-8 15:38,152
693,2015-8-8 16:53,86
694,2015-8-8 17:03,81
695,2015-8-8 17:23,88
696,2015-8-8 17:33,102
697,2015-8-8 17:43,93
698,2015-8-8 17:53,65
699,2015-8-8 18:13,58
700,2015-8-8 18:23,54
701,2015-8-8 18:33,60
702,2015-8-8 18:43,56
703,2015-8-8 19:13,95
704,2015-8-9 2:33,92
705,2015-8-9 10:53,113
706,2015-8-9 11:23,156
707,2015-8-9 12:13,159
708,2015-8-9 12:23,149
709,2015-8-9 12:53,195
710,2015-8-9 13:23,182
711,2015-8-9 13:33,211
712,2015-8-9 13:53,162
713,2015-8-9 15:03,134
714,2015-8-9 17:28,98
715,2015-8-10 8:28,130
716,2015-8-10 8:48,158
717,2015-8-10 9:08,173
718,2015-8-10 9:28,161
719,2015-8-10 9:38,219
720,2015-8-10 9:58,164
721,2015-8-10 10:08,160
722,2015-8-10 11:58,135
723,2015-8-10 12:08,129
724,2015-8-10 12:18,174
725,2015-8-10 12:38,191
726,2015-8-10 12:58,280
727,2015-8-10 13:08,228
728,2015-8-10 13:28,411
729,2015-8-10 13:38,439
730,2015-8-10 13:48,430
731,2015-8-10 14:08,321
732,2015-8-10 14:18,204
733,2015-8-10 14:38,168
734,2015-8-10 14:58,168
735,2015-8-10 15:08,235
736,2015-8-10 15:28,229
737,2015-8-10 15:38,353
738,2015-8-10 15:48,383
739,2015-8-10 15:58,418
740,2015-8-10 16:08,382
741,2015-8-10 16:18,291
742,2015-8-10 16:38,284
743,2015-8-10 16:48,289
744,2015-8-10 16:58,252
745,2015-8-10 17:07,188
746,2015-8-10 17:17,183
747,2015-8-10 17:27,184
748,2015-8-10 17:37,233
749,2015-8-10 17:47,227
750,2015-8-10 17:57,205
751,2015-8-10 18:07,156
752,2015-8-10 18:23,141
753,2015-8-10 18:33,159
754,2015-8-10 18:53,132
755,2015-8-10 20:03,158
756,2015-8-10 21:13,104
757,2015-8-11 11:42,124
758,2015-8-11 13:52,97
759,2015-8-11 14:22,160
760,2015-8-11 14:32,186
761,2015-8-11 14:42,193
762,2015-8-11 15:03,277
763,2015-8-11 15:06,263
764,2015-8-11 16:02,196
765,2015-8-11 16:42,193
766,2015-8-11 16:52,282
767,2015-8-11 17:02,254
768,2015-8-11 17:22,243
769,2015-8-11 17:32,282
770,2015-8-11 18:12,250
771,2015-8-11 18:22,280
772,2015-8-11 18:32,240
773,2015-8-12 10:13,191
774,2015-8-12 11:23,166
775,2015-8-12 11:33,157
776,2015-8-12 11:42,159
777,2015-8-12 11:52,152
778,2015-8-12 14:42,134
779,2015-8-12 14:52,150
780,2015-8-12 15:12,160
781,2015-8-12 15:22,218
782,2015-8-12 15:32,293
783,2015-8-12 15:53,336
784,2015-8-12 16:02,315
785,2015-8-12 16:12,332
786,2015-8-12 16:22,353
787,2015-8-12 16:32,306
788,2015-8-12 16:52,405
789,2015-8-12 17:12,392
790,2015-8-12 17:22,413
791,2015-8-12 17:32,448
792,2015-8-12 17:42,399
793,2015-8-12 17:52,404
794,2015-8-12 18:02,430
795,2015-8-12 18:12,370
796,2015-8-12 18:42,253
797,2015-8-12 18:52,225
798,2015-8-12 19:02,172
799,2015-8-12 19:12,149
800,2015-8-12 19:22,123
801,2015-8-12 21:27,164
802,2015-8-13 10:07,126
803,2015-8-13 10:37,146
804,2015-8-13 10:57,146
805,2015-8-13 14:17,175
806,2015-8-13 14:27,153
807,2015-8-13 15:07,180
808,2015-8-13 15:17,225
809,2015-8-13 15:37,270
810,2015-8-13 15:47,390
811,2015-8-13 16:07,415
812,2015-8-13 16:17,426
813,2015-8-13 16:27,392
814,2015-8-13 16:37,491
815,2015-8-13 16:47,525
816,2015-8-13 16:57,596
817,2015-8-13 17:07,466
818,2015-8-13 17:17,505
819,2015-8-13 17:27,531
820,2015-8-13 17:37,492
821,2015-8-13 17:47,513
822,2015-8-13 17:57,399
823,2015-8-13 18:07,369
824,2015-8-13 18:37,339
825,2015-8-13 18:47,319
826,2015-8-13 18:57,290
827,2015-8-13 19:07,324
828,2015-8-13 19:17,324
829,2015-8-13 19:27,323
830,2015-8-13 23:47,77
831,2015-8-13 23:57,79
832,2015-8-14 8:17,151
833,2015-8-14 9:17,134
834,2015-8-14 9:27,147
835,2015-8-14 9:37,147
836,2015-8-14 9:47,144
837,2015-8-14 9:57,171
838,2015-8-14 10:47,163
839,2015-8-14 10:57,166
840,2015-8-14 11:17,169
841,2015-8-14 11:27,172
842,2015-8-14 11:37,191
843,2015-8-14 11:47,180
844,2015-8-14 12:07,221
845,2015-8-14 12:17,177
846,2015-8-14 12:27,207
847,2015-8-14 12:37,211
848,2015-8-14 12:47,284
849,2015-8-14 12:57,223
850,2015-8-14 13:07,208
851,2015-8-14 13:37,245
852,2015-8-14 13:47,217
853,2015-8-14 14:07,270
854,2015-8-14 14:17,254
855,2015-8-14 14:37,303
856,2015-8-14 14:47,315
857,2015-8-14 14:57,337
858,2015-8-14 15:07,377
859,2015-8-14 15:17,392
860,2015-8-14 15:37,449
861,2015-8-14 15:47,429
862,2015-8-14 15:57,533
863,2015-8-14 16:07,521
864,2015-8-14 16:17,699
865,2015-8-14 16:27,499
866,2015-8-14 16:37,692
867,2015-8-14 16:47,575
868,2015-8-14 16:57,489
869,2015-8-14 17:07,606
870,2015-8-14 17:17,620
871,2015-8-14 17:27,610
872,2015-8-14 17:37,575
873,2015-8-14 17:47,505
874,2015-8-14 17:57,491
875,2015-8-14 18:07,440
876,2015-8-14 18:27,331
877,2015-8-14 18:37,335
878,2015-8-14 18:47,388
879,2015-8-14 18:57,296
880,2015-8-14 19:07,234
881,2015-8-14 19:17,191
882,2015-8-14 19:27,179
883,2015-8-14 19:37,129
884,2015-8-14 19:47,115
885,2015-8-14 20:07,89
886,2015-8-14 20:17,88
887,2015-8-14 20:27,94
888,2015-8-14 20:37,61
889,2015-8-14 20:47,93
890,2015-8-14 21:32,113
891,2015-8-14 21:42,104
892,2015-8-14 23:52,84
893,2015-8-15 1:32,96
894,2015-8-15 3:53,60
895,2015-8-15 9:13,126
896,2015-8-15 10:03,139
897,2015-8-15 10:13,117
898,2015-8-15 10:43,155
899,2015-8-15 11:23,173
900,2015-8-15 11:33,200
901,2015-8-15 11:43,205
902,2015-8-15 11:53,222
903,2015-8-15 12:23,270
904,2015-8-15 12:33,255
905,2015-8-15 12:53,251
906,2015-8-15 13:03,257
907,2015-8-15 13:23,224
908,2015-8-15 13:33,225
909,2015-8-15 14:03,195
910,2015-8-15 14:23,165
911,2015-8-15 15:03,189
912,2015-8-15 15:13,167
913,2015-8-15 16:23,111
914,2015-8-15 16:53,114
915,2015-8-15 17:13,86
916,2015-8-15 17:23,104
917,2015-8-15 17:33,117
918,2015-8-15 17:53,61
919,2015-8-15 18:23,52
920,2015-8-15 18:33,58
921,2015-8-15 18:43,67
922,2015-8-15 18:53,72
923,2015-8-15 22:18,106
924,2015-8-16 10:58,103
925,2015-8-16 12:38,165
926,2015-8-16 12:48,154
927,2015-8-16 12:58,170
928,2015-8-16 14:58,132
929,2015-8-16 15:18,152
930,2015-8-16 15:28,179
931,2015-8-16 15:38,207
932,2015-8-16 15:48,201
933,2015-8-16 16:48,109
934,2015-8-17 8:21,136
935,2015-8-17 8:31,120
936,2015-8-17 8:51,139
937,2015-8-17 9:30,231
938,2015-8-17 9:41,300
939,2015-8-17 10:01,402
940,2015-8-17 10:21,462
941,2015-8-17 10:31,501
942,2015-8-17 10:41,494
943,2015-8-17 10:51,619
944,2015-8-17 11:01,688
945,2015-8-17 11:11,796
946,2015-8-17 11:20,979
947,2015-8-17 11:30,908
948,2015-8-17 11:51,989
949,2015-8-17 12:11,1022
950,2015-8-17 12:20,1035
951,2015-8-17 12:40,843
952,2015-8-17 13:00,943
953,2015-8-17 13:40,1061
954,2015-8-17 13:41,1056
955,2015-8-17 14:20,1009
956,2015-8-17 14:30,904
957,2015-8-17 14:43,1098
958,2015-8-17 15:30,440
959,2015-8-17 15:41,397
960,2015-8-17 15:50,358
961,2015-8-17 16:01,317
962,2015-8-17 16:30,247
963,2015-8-17 16:40,219
964,2015-8-17 16:50,220
965,2015-8-17 17:00,209
966,2015-8-17 17:10,185
967,2015-8-17 17:30,181
968,2015-8-17 17:42,210
969,2015-8-18 9:04,129
970,2015-8-18 10:54,204
971,2015-8-18 11:24,208
972,2015-8-18 11:34,215
973,2015-8-18 11:44,208
974,2015-8-18 12:14,275
975,2015-8-18 12:24,250
976,2015-8-18 12:34,264
977,2015-8-18 12:44,241
978,2015-8-18 13:14,262
979,2015-8-18 13:54,140
980,2015-8-18 14:14,263
981,2015-8-18 14:24,240
982,2015-8-18 14:34,271
983,2015-8-18 14:54,444
984,2015-8-18 15:14,273
985,2015-8-18 15:24,231
986,2015-8-18 15:44,157
987,2015-8-18 15:54,149
988,2015-8-18 16:13,141
989,2015-8-18 16:26,5059
990,2015-8-18 16:46,162
991,2015-8-18 16:56,229
992,2015-8-18 17:06,203
993,2015-8-18 17:16,221
994,2015-8-18 17:26,222
995,2015-8-18 17:36,273
996,2015-8-18 17:46,330
997,2015-8-18 17:56,406
998,2015-8-18 18:06,366
999,2015-8-18 18:16,397
1000,2015-8-18 18:26,338
1001,2015-8-18 18:36,315
1002,2015-8-18 18:46,300
1003,2015-8-18 18:56,194
1004,2015-8-19 6:46,137
1005,2015-8-19 6:56,258
1006,2015-8-19 9:16,118
1007,2015-8-19 12:56,107
1008,2015-8-19 15:09,195
1009,2015-8-19 16:06,182
1010,2015-8-19 16:16,168
1011,2015-8-19 16:46,219
1012,2015-8-19 17:06,319
1013,2015-8-19 17:16,272
1014,2015-8-19 17:26,301
1015,2015-8-19 17:36,412
1016,2015-8-19 17:46,409
1017,2015-8-19 18:06,466
1018,2015-8-19 18:16,395
1019,2015-8-19 18:26,308
1020,2015-8-19 18:36,281
1021,2015-8-19 18:46,210
1022,2015-8-19 18:56,176
1023,2015-8-19 19:06,202
1024,2015-8-19 19:26,141
1025,2015-8-19 22:36,238
1026,2015-8-19 22:46,260
1027,2015-8-19 22:56,268
1028,2015-8-19 23:06,255
1029,2015-8-19 23:16,211
1030,2015-8-20 1:54,121
1031,2015-8-20 6:34,144
1032,2015-8-20 6:44,210
1033,2015-8-20 7:04,418
1034,2015-8-20 10:44,123
1035,2015-8-20 11:54,142
1036,2015-8-20 12:44,145
1037,2015-8-20 14:24,202
1038,2015-8-20 14:34,151
1039,2015-8-20 14:44,148
1040,2015-8-20 15:04,172
1041,2015-8-20 15:14,242
1042,2015-8-20 15:24,236
1043,2015-8-20 15:34,306
1044,2015-8-20 15:44,359
1045,2015-8-20 15:54,422
1046,2015-8-20 16:04,645
1047,2015-8-20 16:14,853
1048,2015-8-20 16:24,767
1049,2015-8-20 16:34,958
1050,2015-8-20 16:44,973
1051,2015-8-20 16:54,1108
1052,2015-8-20 17:04,1034
1053,2015-8-20 17:14,1149
1054,2015-8-20 17:24,1261
1055,2015-8-20 17:34,1143
1056,2015-8-20 17:44,1108
1057,2015-8-20 17:54,917
1058,2015-8-20 18:04,555
1059,2015-8-20 18:24,366
1060,2015-8-20 18:34,502
1061,2015-8-20 18:44,350
1062,2015-8-20 18:54,397
1063,2015-8-20 19:04,280
1064,2015-8-20 19:14,255
1065,2015-8-20 23:35,102
1066,2015-8-20 23:45,93
1067,2015-8-20 23:55,86
1068,2015-8-21 9:08,127
1069,2015-8-21 9:18,137
1070,2015-8-21 9:28,133
1071,2015-8-21 9:38,154
1072,2015-8-21 9:58,158
1073,2015-8-21 10:48,200
1074,2015-8-21 10:58,188
1075,2015-8-21 11:08,183
1076,2015-8-21 11:38,291
1077,2015-8-21 11:48,283
1078,2015-8-21 11:58,302
1079,2015-8-21 12:08,257
1080,2015-8-21 12:18,292
1081,2015-8-21 12:28,289
1082,2015-8-21 12:38,250
1083,2015-8-21 12:48,264
1084,2015-8-21 12:58,241
1085,2015-8-21 13:08,247
1086,2015-8-21 13:18,234
1087,2015-8-21 13:28,283
1088,2015-8-21 13:38,306
1089,2015-8-21 14:08,360
1090,2015-8-21 14:18,386
1091,2015-8-21 14:48,480
1092,2015-8-21 14:58,519
1093,2015-8-21 15:08,447
1094,2015-8-21 15:28,555
1095,2015-8-21 15:58,632
1096,2015-8-21 16:08,645
1097,2015-8-21 16:18,676
1098,2015-8-21 16:28,651
1099,2015-8-21 16:38,723
1100,2015-8-21 16:48,583
1101,2015-8-21 16:58,572
1102,2015-8-21 17:08,610
1103,2015-8-21 17:18,666
1104,2015-8-21 17:28,587
1105,2015-8-21 17:38,581
1106,2015-8-21 17:58,444
1107,2015-8-21 18:08,539
1108,2015-8-21 18:18,673
1109,2015-8-21 18:48,774
1110,2015-8-21 18:58,757
1111,2015-8-21 19:08,747
1112,2015-8-21 19:18,640
1113,2015-8-21 19:28,709
1114,2015-8-21 19:38,591
1115,2015-8-21 19:48,536
1116,2015-8-21 19:58,340
1117,2015-8-21 20:08,199
1118,2015-8-21 20:18,139
1119,2015-8-21 20:28,96
1120,2015-8-21 20:38,60
1121,2015-8-21 20:48,92
1122,2015-8-21 20:58,88
1123,2015-8-21 21:38,103
1124,2015-8-21 22:08,147
1125,2015-8-21 22:18,202
1126,2015-8-21 22:48,492
1127,2015-8-21 22:58,563
1128,2015-8-21 23:08,565
1129,2015-8-21 23:18,560
1130,2015-8-21 23:48,217
1131,2015-8-21 23:58,211
1132,2015-8-22 0:08,181
1133,2015-8-22 0:18,143
1134,2015-8-22 0:28,131
1135,2015-8-22 3:49,64
1136,2015-8-22 3:59,63
1137,2015-8-22 4:49,108
1138,2015-8-22 7:09,190
1139,2015-8-22 7:29,315
1140,2015-8-22 7:39,379
1141,2015-8-22 7:49,442
1142,2015-8-22 7:59,617
1143,2015-8-22 8:19,267
1144,2015-8-22 8:29,240
1145,2015-8-22 8:39,246
1146,2015-8-22 8:59,305
1147,2015-8-22 9:09,382
1148,2015-8-22 9:19,404
1149,2015-8-22 9:29,364
1150,2015-8-22 9:39,365
1151,2015-8-22 9:59,376
1152,2015-8-22 10:09,340
1153,2015-8-22 10:20,282
1154,2015-8-22 11:24,301
1155,2015-8-22 12:37,463
1156,2015-8-22 13:19,350
1157,2015-8-22 13:29,289
1158,2015-8-22 13:59,318
1159,2015-8-22 14:09,274
1160,2015-8-22 14:19,233
1161,2015-8-22 14:49,130
1162,2015-8-22 14:59,132
1163,2015-8-22 16:49,88
1164,2015-8-22 16:59,94
1165,2015-8-23 17:28,104
1166,2015-8-23 19:48,94
1167,2015-8-24 7:53,110
1168,2015-8-24 8:23,113
1169,2015-8-24 9:13,167
1170,2015-8-24 9:33,176
1171,2015-8-24 9:43,192
1172,2015-8-24 10:13,174
1173,2015-8-24 10:23,171
1174,2015-8-24 11:13,177
1175,2015-8-24 11:33,198
1176,2015-8-24 12:13,173
1177,2015-8-24 12:33,142
1178,2015-8-24 12:43,145
1179,2015-8-24 12:53,141
1180,2015-8-24 13:13,181
1181,2015-8-24 13:53,175
1182,2015-8-24 14:03,179
1183,2015-8-24 14:13,161
1184,2015-8-24 14:33,160
1185,2015-8-24 14:43,164
1186,2015-8-24 15:03,217
1187,2015-8-24 15:13,271
1188,2015-8-24 15:23,300
1189,2015-8-24 15:33,278
1190,2015-8-24 15:43,304
1191,2015-8-24 16:03,313
1192,2015-8-24 16:13,257
1193,2015-8-24 16:23,271
1194,2015-8-24 16:33,326
1195,2015-8-24 16:43,349
1196,2015-8-24 16:53,349
1197,2015-8-24 17:03,367
1198,2015-8-24 17:13,487
1199,2015-8-24 17:23,644
1200,2015-8-24 17:33,948
1201,2015-8-24 17:53,1000
1202,2015-8-24 18:03,955
1203,2015-8-24 18:13,925
1204,2015-8-24 18:23,1091
1205,2015-8-24 18:33,1140
1206,2015-8-24 18:43,766
1207,2015-8-24 18:53,403
1208,2015-8-24 19:03,225
1209,2015-8-24 19:13,148
1210,2015-8-24 21:03,98
1211,2015-8-24 21:13,92
1212,2015-8-25 10:43,130
1213,2015-8-25 11:33,105
1214,2015-8-25 11:43,114
1215,2015-8-25 13:03,138
1216,2015-8-25 13:13,125
1217,2015-8-25 13:53,93
1218,2015-8-25 14:03,138
1219,2015-8-25 14:13,202
1220,2015-8-25 14:33,156
1221,2015-8-25 14:43,218
1222,2015-8-25 14:52,233
1223,2015-8-25 15:03,178
1224,2015-8-25 15:13,195
1225,2015-8-25 15:23,223
1226,2015-8-25 15:33,275
1227,2015-8-25 15:43,341
1228,2015-8-25 16:03,379
1229,2015-8-25 16:13,266
1230,2015-8-25 16:23,321
1231,2015-8-25 16:33,320
1232,2015-8-25 16:43,290
1233,2015-8-25 16:53,277
1234,2015-8-25 17:13,166
1235,2015-8-25 17:23,186
1236,2015-8-25 17:33,241
1237,2015-8-25 17:43,245
1238,2015-8-25 17:53,275
1239,2015-8-25 18:03,258
1240,2015-8-25 18:13,290
1241,2015-8-25 22:34,119
1242,2015-8-26 9:41,265
1243,2015-8-26 10:01,432
1244,2015-8-26 10:11,409
1245,2015-8-26 10:21,431
1246,2015-8-26 10:31,438
1247,2015-8-26 10:51,446
1248,2015-8-26 11:01,397
1249,2015-8-26 11:11,389
1250,2015-8-26 11:41,390
1251,2015-8-26 11:51,344
1252,2015-8-26 12:01,359
1253,2015-8-26 12:11,326
1254,2015-8-26 12:21,269
1255,2015-8-26 12:41,296
1256,2015-8-26 12:51,284
1257,2015-8-26 13:01,281
1258,2015-8-26 13:21,357
1259,2015-8-26 13:31,400
1260,2015-8-26 13:41,437
1261,2015-8-26 13:51,363
1262,2015-8-26 14:01,340
1263,2015-8-26 14:11,357
1264,2015-8-26 14:21,352
1265,2015-8-26 14:51,249
1266,2015-8-26 15:01,219
1267,2015-8-26 15:11,235
1268,2015-8-26 15:21,209
1269,2015-8-26 15:31,233
1270,2015-8-26 15:36,249
1271,2015-8-26 16:21,258
1272,2015-8-26 16:31,330
1273,2015-8-26 16:41,350
1274,2015-8-26 16:51,404
1275,2015-8-26 17:01,391
1276,2015-8-26 17:11,372
1277,2015-8-26 17:31,386
1278,2015-8-26 17:41,432
1279,2015-8-26 17:51,344
1280,2015-8-26 18:01,336
1281,2015-8-26 18:11,286
1282,2015-8-26 18:31,301
1283,2015-8-26 18:41,273
1284,2015-8-26 18:51,255
1285,2015-8-26 19:01,208
1286,2015-8-26 22:24,266
1287,2015-8-27 1:08,180
1288,2015-8-27 14:18,126
1289,2015-8-27 14:28,140
1290,2015-8-27 14:38,160
1291,2015-8-27 14:48,208
1292,2015-8-27 14:58,252
1293,2015-8-27 15:08,376
1294,2015-8-27 15:18,425
1295,2015-8-27 15:28,502
1296,2015-8-27 15:38,554
1297,2015-8-27 15:48,647
1298,2015-8-27 15:58,613
1299,2015-8-27 16:08,736
1300,2015-8-27 16:18,775
1301,2015-8-27 16:28,734
1302,2015-8-27 16:38,626
1303,2015-8-27 16:48,623
1304,2015-8-27 16:58,668
1305,2015-8-27 17:08,697
1306,2015-8-27 17:18,635
1307,2015-8-27 17:28,667
1308,2015-8-27 17:38,629
1309,2015-8-27 17:48,516
1310,2015-8-27 17:58,506
1311,2015-8-27 18:08,461
1312,2015-8-27 18:18,428
1313,2015-8-27 18:28,371
1314,2015-8-27 18:38,408
1315,2015-8-27 18:48,410
1316,2015-8-27 18:58,370
1317,2015-8-27 19:08,394
1318,2015-8-27 19:18,307
1319,2015-8-27 19:28,257
1320,2015-8-27 22:48,176
1321,2015-8-27 23:18,101
1322,2015-8-27 23:38,96
1323,2015-8-27 23:58,83
1324,2015-8-28 6:49,256
1325,2015-8-28 7:09,401
1326,2015-8-28 8:59,139
1327,2015-8-28 9:09,202
1328,2015-8-28 9:19,148
1329,2015-8-28 9:29,167
1330,2015-8-28 9:39,160
1331,2015-8-28 9:49,168
1332,2015-8-28 9:59,170
1333,2015-8-28 10:09,153
1334,2015-8-28 10:49,196
1335,2015-8-28 10:59,230
1336,2015-8-28 11:09,256
1337,2015-8-28 11:19,282
1338,2015-8-28 11:29,427
1339,2015-8-28 11:35,458
1340,2015-8-28 12:19,347
1341,2015-8-28 12:29,342
1342,2015-8-28 12:39,287
1343,2015-8-28 12:49,259
1344,2015-8-28 12:59,278
1345,2015-8-28 13:09,286
1346,2015-8-28 13:19,224
1347,2015-8-28 13:29,286
1348,2015-8-28 13:39,378
1349,2015-8-28 13:49,336
1350,2015-8-28 13:59,356
1351,2015-8-28 14:09,327
1352,2015-8-28 14:19,282
1353,2015-8-28 14:29,365
1354,2015-8-28 14:39,458
1355,2015-8-28 14:49,522
1356,2015-8-28 14:59,476
1357,2015-8-28 15:09,544
1358,2015-8-28 15:19,520
1359,2015-8-28 15:29,547
1360,2015-8-28 15:39,515
1361,2015-8-28 15:49,605
1362,2015-8-28 15:59,544
1363,2015-8-28 16:09,469
1364,2015-8-28 16:19,551
1365,2015-8-28 16:29,543
1366,2015-8-28 16:39,618
1367,2015-8-28 16:49,612
1368,2015-8-28 16:59,514
1369,2015-8-28 17:19,601
1370,2015-8-28 17:39,690
1371,2015-8-28 17:49,666
1372,2015-8-28 17:59,648
1373,2015-8-28 18:09,523
1374,2015-8-28 18:29,447
1375,2015-8-28 18:39,418
1376,2015-8-28 18:49,357
1377,2015-8-28 18:59,339
1378,2015-8-28 19:09,268
1379,2015-8-28 19:19,196
1380,2015-8-28 19:29,175
1381,2015-8-28 19:39,117
1382,2015-8-28 19:49,120
1383,2015-8-28 19:59,101
1384,2015-8-28 20:09,94
1385,2015-8-28 20:19,92
1386,2015-8-28 20:29,91
1387,2015-8-28 20:39,60
1388,2015-8-28 20:49,90
1389,2015-8-28 20:59,95
1390,2015-8-28 21:39,105
1391,2015-8-28 23:49,82
1392,2015-8-28 23:51,83
1393,2015-8-29 7:46,151
1394,2015-8-29 9:16,118
1395,2015-8-29 9:46,156
1396,2015-8-29 10:06,190
1397,2015-8-29 10:16,291
1398,2015-8-29 10:26,292
1399,2015-8-29 11:06,313
1400,2015-8-29 11:16,291
1401,2015-8-29 11:26,250
1402,2015-8-29 11:46,256
1403,2015-8-29 11:56,239
1404,2015-8-29 12:06,230
1405,2015-8-29 12:26,220
1406,2015-8-29 12:46,214
1407,2015-8-29 12:56,188
1408,2015-8-29 13:06,185
1409,2015-8-29 13:16,121
1410,2015-8-29 13:26,138
1411,2015-8-29 13:36,135
1412,2015-8-29 14:56,105
1413,2015-8-29 16:06,153
1414,2015-8-29 16:16,194
1415,2015-8-29 16:26,209
1416,2015-8-29 16:36,223
1417,2015-8-29 16:46,142
1418,2015-8-29 16:56,114
1419,2015-8-29 17:06,81
1420,2015-8-29 17:16,82
1421,2015-8-29 17:26,82
1422,2015-8-29 17:36,98
1423,2015-8-29 18:16,59
1424,2015-8-29 18:26,53
1425,2015-8-29 18:36,59
1426,2015-8-29 18:46,62
1427,2015-8-29 18:56,71
1428,2015-8-29 22:26,100
1429,2015-8-30 10:48,99
1430,2015-8-30 10:58,96
1431,2015-8-30 11:28,94
1432,2015-8-30 12:08,154
1433,2015-8-30 12:18,162
1434,2015-8-30 15:18,112
1435,2015-8-30 16:28,149
1436,2015-8-30 16:58,124
1437,2015-8-30 17:38,122
1438,2015-8-30 19:08,128
1439,2015-8-30 19:48,102
1440,2015-8-30 19:58,106
1441,2015-8-30 20:18,117
1442,2015-8-30 20:48,119
1443,2015-8-30 20:58,128
1444,2015-8-31 6:14,97
1445,2015-8-31 6:24,104
1446,2015-8-31 8:24,121
1447,2015-8-31 8:54,142
1448,2015-8-31 9:14,163
1449,2015-8-31 9:24,148
1450,2015-8-31 9:44,227
1451,2015-8-31 9:54,267
1452,2015-8-31 10:04,329
1453,2015-8-31 10:14,337
1454,2015-8-31 10:24,442
1455,2015-8-31 10:34,442
1456,2015-8-31 10:44,408
1457,2015-8-31 10:54,394
1458,2015-8-31 11:04,452
1459,2015-8-31 11:24,410
1460,2015-8-31 11:34,402
1461,2015-8-31 11:44,379
1462,2015-8-31 11:54,438
1463,2015-8-31 12:04,420
1464,2015-8-31 12:14,371
1465,2015-8-31 12:24,497
1466,2015-8-31 12:34,482
1467,2015-8-31 12:44,510
1468,2015-8-31 12:54,503
1469,2015-8-31 13:04,461
1470,2015-8-31 13:14,330
1471,2015-8-31 13:24,407
1472,2015-8-31 13:34,438
1473,2015-8-31 13:44,481
1474,2015-8-31 13:54,444
1475,2015-8-31 14:03,418
1476,2015-8-31 14:14,513
1477,2015-8-31 14:24,522
1478,2015-8-31 14:34,524
1479,2015-8-31 14:44,787
1480,2015-8-31 14:54,674
1481,2015-8-31 15:04,912
1482,2015-8-31 15:14,954
1483,2015-8-31 15:24,884
1484,2015-8-31 15:34,1017
1485,2015-8-31 15:44,1046
1486,2015-8-31 15:54,671
1487,2015-8-31 16:04,594
1488,2015-8-31 16:14,548
1489,2015-8-31 16:24,461
1490,2015-8-31 16:34,452
1491,2015-8-31 16:35,423
1492,2015-8-31 17:24,279
1493,2015-8-31 17:34,378
1494,2015-8-31 17:44,366
1495,2015-8-31 17:54,311
1496,2015-8-31 18:04,274
1497,2015-8-31 18:14,252
1498,2015-8-31 18:24,308
1499,2015-8-31 18:34,276
1500,2015-8-31 18:44,259
1501,2015-8-31 18:54,163
1502,2015-8-31 21:04,183
1503,2015-8-31 21:14,189
1504,2015-8-31 21:24,215
1505,2015-8-31 21:34,547
1506,2015-8-31 21:44,879
1507,2015-8-31 21:54,798
1508,2015-8-31 22:03,697
1509,2015-8-31 22:14,411
1510,2015-8-31 22:24,371
1511,2015-8-31 22:34,702
1512,2015-8-31 22:44,807
1513,2015-8-31 22:54,871
1514,2015-8-31 23:04,537
1515,2015-8-31 23:14,430
1516,2015-8-31 23:24,427
1517,2015-8-31 23:34,373
1518,2015-8-31 23:44,328
1519,2015-8-31 23:54,322
1520,2015-9-1 0:24,301
1521,2015-9-1 0:34,281
1522,2015-9-1 0:44,262
1523,2015-9-1 0:54,252
1524,2015-9-1 1:04,242
1525,2015-9-1 1:14,206
1526,2015-9-1 5:34,168
1527,2015-9-1 5:54,213
1528,2015-9-1 6:16,661
1529,2015-9-1 6:26,525
1530,2015-9-1 6:36,603
1531,2015-9-1 6:46,602
1532,2015-9-1 6:56,614
1533,2015-9-1 7:06,838
1534,2015-9-1 7:16,990
1535,2015-9-1 7:26,1047
1536,2015-9-1 7:36,1051
1537,2015-9-1 7:46,1373
1538,2015-9-1 7:56,1259
1539,2015-9-1 8:06,1621
1540,2015-9-1 8:16,1680
1541,2015-9-1 8:26,1551
1542,2015-9-1 8:36,1787
1543,2015-9-1 8:46,2325
1544,2015-9-1 9:06,2014
1545,2015-9-1 9:16,1853
1546,2015-9-1 9:26,1920
1547,2015-9-1 9:36,1993
1548,2015-9-1 9:46,1841
1549,2015-9-1 9:56,1861
1550,2015-9-1 10:06,1901
1551,2015-9-1 10:16,1863
1552,2015-9-1 10:26,2134
1553,2015-9-1 10:36,1974
1554,2015-9-1 10:46,1868
1555,2015-9-1 10:56,1775
1556,2015-9-1 11:06,727
1557,2015-9-1 11:16,941
1558,2015-9-1 11:26,1038
1559,2015-9-1 11:36,799
1560,2015-9-1 11:46,672
1561,2015-9-1 11:56,679
1562,2015-9-1 12:06,592
1563,2015-9-1 12:26,358
1564,2015-9-1 12:36,249
1565,2015-9-1 12:46,237
1566,2015-9-1 12:56,203
1567,2015-9-1 13:06,223
1568,2015-9-1 13:16,217
1569,2015-9-1 13:26,209
1570,2015-9-1 13:36,206
1571,2015-9-1 13:56,157
1572,2015-9-1 14:06,244
1573,2015-9-1 14:16,283
1574,2015-9-1 14:26,380
1575,2015-9-1 14:36,458
1576,2015-9-1 14:46,500
1577,2015-9-1 14:56,628
1578,2015-9-1 15:06,724
1579,2015-9-1 15:07,739
1580,2015-9-1 15:56,931
1581,2015-9-1 16:06,905
1582,2015-9-1 16:16,891
1583,2015-9-1 16:26,1002
1584,2015-9-1 16:36,970
1585,2015-9-1 16:46,912
1586,2015-9-1 16:56,999
1587,2015-9-1 17:06,963
1588,2015-9-1 17:16,972
1589,2015-9-1 17:26,760
1590,2015-9-1 17:36,648
1591,2015-9-1 17:46,569
1592,2015-9-1 17:56,586
1593,2015-9-1 18:06,527
1594,2015-9-1 18:16,465
1595,2015-9-1 18:26,507
1596,2015-9-1 18:36,420
1597,2015-9-1 18:46,403
1598,2015-9-1 18:56,330
1599,2015-9-1 19:06,278
1600,2015-9-1 19:16,191
1601,2015-9-1 19:26,173
1602,2015-9-1 21:01,220
1603,2015-9-1 21:22,2268
1604,2015-9-1 21:32,2190
1605,2015-9-1 21:52,108
1606,2015-9-1 23:02,122
1607,2015-9-2 6:42,245
1608,2015-9-2 6:52,300
1609,2015-9-2 11:22,176
1610,2015-9-2 11:32,172
1611,2015-9-2 11:42,233
1612,2015-9-2 11:52,272
1613,2015-9-2 12:12,299
1614,2015-9-2 12:22,307
1615,2015-9-2 12:32,283
1616,2015-9-2 12:42,317
1617,2015-9-2 12:52,239
1618,2015-9-2 13:02,234
1619,2015-9-2 13:22,240
1620,2015-9-2 13:32,201
1621,2015-9-2 13:42,162
1622,2015-9-2 13:52,179
1623,2015-9-2 14:12,276
1624,2015-9-2 14:22,279
1625,2015-9-2 14:32,346
1626,2015-9-2 14:42,399
1627,2015-9-2 14:52,488
1628,2015-9-2 15:02,645
1629,2015-9-2 15:12,618
1630,2015-9-2 15:22,556
1631,2015-9-2 15:28,538
1632,2015-9-2 16:12,1031
1633,2015-9-2 16:22,880
1634,2015-9-2 16:32,1286
1635,2015-9-2 16:42,1060
1636,2015-9-2 16:52,1202
1637,2015-9-2 17:02,1220
1638,2015-9-2 17:12,1379
1639,2015-9-2 17:22,1283
1640,2015-9-2 17:32,1167
1641,2015-9-2 17:42,1064
1642,2015-9-2 17:52,825
1643,2015-9-2 18:02,742
1644,2015-9-2 18:11,702
1645,2015-9-2 18:22,705
1646,2015-9-2 18:32,586
1647,2015-9-2 18:42,674
1648,2015-9-2 18:52,517
1649,2015-9-2 19:02,424
1650,2015-9-2 19:12,333
1651,2015-9-2 19:22,262
1652,2015-9-2 19:32,193
1653,2015-9-2 19:42,223
1654,2015-9-2 19:52,173
1655,2015-9-2 20:02,170
1656,2015-9-2 20:12,192
1657,2015-9-2 20:27,187
1658,2015-9-2 20:37,254
1659,2015-9-2 20:47,321
1660,2015-9-2 20:57,351
1661,2015-9-2 21:07,487
1662,2015-9-2 21:17,708
1663,2015-9-2 21:27,634
1664,2015-9-2 21:37,630
1665,2015-9-2 21:47,454
1666,2015-9-2 21:57,340
1667,2015-9-2 22:17,181
1668,2015-9-3 1:47,140
1669,2015-9-3 6:47,186
1670,2015-9-3 6:57,348
1671,2015-9-3 7:07,413
1672,2015-9-3 7:17,416
1673,2015-9-3 7:27,494
1674,2015-9-3 7:37,548
1675,2015-9-3 7:47,726
1676,2015-9-3 7:57,779
1677,2015-9-3 8:07,907
1678,2015-9-3 8:17,1031
1679,2015-9-3 8:27,1221
1680,2015-9-3 8:37,1154
1681,2015-9-3 8:47,1356
1682,2015-9-3 8:57,1602
1683,2015-9-3 9:07,1637
1684,2015-9-3 9:17,1672
1685,2015-9-3 9:27,1442
1686,2015-9-3 9:37,1030
1687,2015-9-3 9:47,1135
1688,2015-9-3 9:57,1069
1689,2015-9-3 10:07,821
1690,2015-9-3 10:17,658
1691,2015-9-3 10:27,633
1692,2015-9-3 10:37,430
1693,2015-9-3 10:47,307
1694,2015-9-3 10:57,415
1695,2015-9-3 11:07,493
1696,2015-9-3 11:17,465
1697,2015-9-3 11:27,542
1698,2015-9-3 11:37,455
1699,2015-9-3 11:57,408
1700,2015-9-3 12:07,445
1701,2015-9-3 12:17,463
1702,2015-9-3 12:27,434
1703,2015-9-3 12:37,419
1704,2015-9-3 12:47,405
1705,2015-9-3 12:57,410
1706,2015-9-3 13:07,417
1707,2015-9-3 13:17,403
1708,2015-9-3 13:27,433
1709,2015-9-3 13:37,413
1710,2015-9-3 13:39,408
1711,2015-9-3 14:27,533
1712,2015-9-3 14:37,640
1713,2015-9-3 14:47,573
1714,2015-9-3 14:57,600
1715,2015-9-3 15:07,876
1716,2015-9-3 15:17,1003
1717,2015-9-3 15:27,1080
1718,2015-9-3 15:37,1133
1719,2015-9-3 15:47,1302
1720,2015-9-3 15:57,1330
1721,2015-9-3 15:58,1374
1722,2015-9-3 16:26,829
1723,2015-9-3 16:36,992
1724,2015-9-3 16:46,1307
1725,2015-9-3 16:56,1822
1726,2015-9-3 17:06,1761
1727,2015-9-3 17:16,1720
1728,2015-9-3 17:27,1893
1729,2015-9-3 17:36,1449
1730,2015-9-3 17:46,1319
1731,2015-9-3 17:48,1197
1732,2015-9-3 18:31,482
1733,2015-9-3 18:56,638
1734,2015-9-3 19:06,553
1735,2015-9-3 19:16,528
1736,2015-9-3 19:26,307
1737,2015-9-3 21:02,232
1738,2015-9-3 21:12,290
1739,2015-9-3 21:22,294
1740,2015-9-3 21:42,187
1741,2015-9-3 21:52,186
1742,2015-9-3 22:42,163
1743,2015-9-3 22:52,148
1744,2015-9-3 23:32,150
1745,2015-9-3 23:42,174
1746,2015-9-3 23:52,205
1747,2015-9-4 0:02,214
1748,2015-9-4 0:12,172
1749,2015-9-4 1:43,94
1750,2015-9-4 3:53,66
1751,2015-9-4 4:43,79
1752,2015-9-4 4:53,88
1753,2015-9-4 5:23,107
1754,2015-9-4 5:43,103
1755,2015-9-4 8:03,121
1756,2015-9-4 8:33,100
1757,2015-9-4 9:03,122
1758,2015-9-4 9:13,114
1759,2015-9-4 9:33,131
1760,2015-9-4 9:53,140
1761,2015-9-4 10:13,138
1762,2015-9-4 10:33,147
1763,2015-9-4 10:43,150
1764,2015-9-4 10:53,168
1765,2015-9-4 11:03,155
1766,2015-9-4 11:13,153
1767,2015-9-4 11:23,151
1768,2015-9-4 11:33,147
1769,2015-9-4 11:43,158
1770,2015-9-4 11:53,162
1771,2015-9-4 12:13,143
1772,2015-9-4 12:23,166
1773,2015-9-4 12:33,149
1774,2015-9-4 12:43,158
1775,2015-9-4 13:13,144
1776,2015-9-4 13:23,122
1777,2015-9-4 13:43,124
1778,2015-9-4 13:53,145
1779,2015-9-4 14:03,123
1780,2015-9-4 14:23,122
1781,2015-9-4 14:43,231
1782,2015-9-4 16:03,115
1783,2015-9-4 16:13,242
1784,2015-9-4 16:33,138
1785,2015-9-4 17:03,113
1786,2015-9-4 17:23,135
1787,2015-9-4 17:33,137
1788,2015-9-4 18:03,107
1789,2015-9-4 19:13,126
1790,2015-9-4 19:33,75
1791,2015-9-4 19:43,70
1792,2015-9-4 19:53,88
1793,2015-9-4 20:03,84
1794,2015-9-4 20:13,81
1795,2015-9-4 20:23,84
1796,2015-9-4 20:33,77
1797,2015-9-4 20:43,82
1798,2015-9-4 21:03,71
1799,2015-9-4 21:13,67
1800,2015-9-5 0:09,75
1801,2015-9-5 6:39,59
1802,2015-9-5 6:49,51
1803,2015-9-5 6:59,53
1804,2015-9-5 7:09,63
1805,2015-9-5 9:29,133
1806,2015-9-5 12:37,115
1807,2015-9-5 14:27,102
1808,2015-9-5 23:47,92
1809,2015-9-5 23:57,88
1810,2015-9-6 0:37,118
1811,2015-9-6 1:07,109
1812,2015-9-6 1:47,109
1813,2015-9-6 2:07,101
1814,2015-9-6 2:27,93
1815,2015-9-6 3:08,94
1816,2015-9-6 4:28,94
1817,2015-9-6 4:38,14
1818,2015-9-6 4:48,93
1819,2015-9-6 5:18,86
1820,2015-9-6 5:58,52
1821,2015-9-6 6:38,34
1822,2015-9-6 6:48,32
1823,2015-9-6 6:58,33
1824,2015-9-6 7:18,60
1825,2015-9-6 15:32,95
1826,2015-9-6 16:22,97
1827,2015-9-7 1:52,93
1828,2015-9-7 3:22,73
1829,2015-9-7 4:32,95
1830,2015-9-7 4:42,92
1831,2015-9-7 5:02,100
1832,2015-9-7 7:12,96
1833,2015-9-7 8:12,72
1834,2015-9-7 8:52,119
1835,2015-9-7 9:02,134
1836,2015-9-7 9:22,132
1837,2015-9-7 9:32,132
1838,2015-9-7 9:42,137
1839,2015-9-7 9:52,140
1840,2015-9-7 10:02,136
1841,2015-9-7 10:12,139
1842,2015-9-7 10:22,138
1843,2015-9-7 10:32,138
1844,2015-9-7 10:52,144
1845,2015-9-7 11:02,145
1846,2015-9-7 11:22,129
1847,2015-9-7 11:42,143
1848,2015-9-7 11:52,134
1849,2015-9-7 12:02,124
1850,2015-9-7 12:32,138
1851,2015-9-7 12:45,137
1852,2015-9-7 13:05,147
1853,2015-9-7 13:15,142
1854,2015-9-7 13:25,142
1855,2015-9-7 13:35,148
1856,2015-9-7 13:45,139
1857,2015-9-7 13:55,143
1858,2015-9-7 14:05,145
1859,2015-9-7 14:15,148
1860,2015-9-7 14:25,125
1861,2015-9-7 14:35,128
1862,2015-9-7 14:45,123
1863,2015-9-7 14:55,133
1864,2015-9-7 15:05,139
1865,2015-9-7 15:35,125
1866,2015-9-7 15:45,125
1867,2015-9-7 15:55,139
1868,2015-9-7 16:05,136
1869,2015-9-7 16:15,131
1870,2015-9-7 16:25,137
1871,2015-9-7 16:45,126
1872,2015-9-7 17:05,113
1873,2015-9-7 17:25,131
1874,2015-9-7 17:35,136
1875,2015-9-7 17:45,138
1876,2015-9-7 18:05,143
1877,2015-9-7 18:15,154
1878,2015-9-7 18:35,158
1879,2015-9-7 18:45,140
1880,2015-9-7 18:55,130
1881,2015-9-7 19:01,124
1882,2015-9-8 0:54,11
1883,2015-9-8 1:44,67
1884,2015-9-8 1:54,70
1885,2015-9-8 2:04,97
1886,2015-9-8 2:54,78
1887,2015-9-8 3:24,44
1888,2015-9-8 4:24,12
1889,2015-9-8 4:34,34
1890,2015-9-8 4:44,31
1891,2015-9-8 11:28,82
1892,2015-9-8 11:36,63
1893,2015-9-8 11:46,66
1894,2015-9-8 13:16,114
1895,2015-9-8 13:26,131
1896,2015-9-8 13:29,136
1897,2015-9-8 14:08,138
1898,2015-9-8 14:18,147
1899,2015-9-8 14:28,137
1900,2015-9-8 14:48,162
1901,2015-9-8 14:58,167
1902,2015-9-8 15:08,145
1903,2015-9-8 15:18,157
1904,2015-9-8 15:28,212
1905,2015-9-8 15:38,230
1906,2015-9-8 15:48,259
1907,2015-9-8 15:58,199
1908,2015-9-8 16:08,170
1909,2015-9-8 16:18,216
1910,2015-9-8 16:38,191
1911,2015-9-8 16:48,149
1912,2015-9-8 16:58,165
1913,2015-9-8 17:18,195
1914,2015-9-8 17:28,176
1915,2015-9-8 17:48,182
1916,2015-9-8 17:58,154
1917,2015-9-8 18:08,163
1918,2015-9-8 18:18,225
1919,2015-9-8 18:28,234
1920,2015-9-8 18:48,180
1921,2015-9-8 18:58,178
1922,2015-9-8 19:08,146
1923,2015-9-8 20:18,109
1924,2015-9-8 20:48,116
1925,2015-9-8 20:58,103
1926,2015-9-8 22:18,144
1927,2015-9-8 23:18,180
1928,2015-9-8 23:28,159
1929,2015-9-8 23:38,178
1930,2015-9-8 23:58,148
1931,2015-9-9 0:28,113
1932,2015-9-9 0:48,103
1933,2015-9-9 1:38,57
1934,2015-9-9 1:58,58
1935,2015-9-9 2:18,120
1936,2015-9-9 2:28,121
1937,2015-9-9 2:48,96
1938,2015-9-9 2:58,101
1939,2015-9-9 3:38,99
1940,2015-9-9 3:58,94
1941,2015-9-9 4:08,92
1942,2015-9-9 4:28,35
1943,2015-9-9 4:38,31
1944,2015-9-9 4:48,13
1945,2015-9-9 4:58,13
1946,2015-9-9 5:08,12
1947,2015-9-9 7:28,103
1948,2015-9-9 11:30,109
1949,2015-9-9 11:50,96
1950,2015-9-9 12:00,94
1951,2015-9-9 13:20,139
1952,2015-9-9 14:29,101
1953,2015-9-9 14:50,139
1954,2015-9-9 15:00,160
1955,2015-9-9 15:09,199
1956,2015-9-9 15:29,220
1957,2015-9-9 15:40,358
1958,2015-9-9 15:50,359
1959,2015-9-9 16:00,459
1960,2015-9-9 16:10,443
1961,2015-9-9 16:20,477
1962,2015-9-9 16:29,314
1963,2015-9-9 16:40,384
1964,2015-9-9 16:50,428
1965,2015-9-9 16:59,338
1966,2015-9-9 17:19,145
1967,2015-9-9 17:30,175
1968,2015-9-9 17:40,175
1969,2015-9-9 17:59,171
1970,2015-9-9 18:09,182
1971,2015-9-9 18:19,162
1972,2015-9-9 18:30,144
1973,2015-9-9 18:39,176
1974,2015-9-9 18:49,207
1975,2015-9-9 18:59,169
1976,2015-9-9 19:10,146
1977,2015-9-9 19:20,125
1978,2015-9-9 22:59,99
1979,2015-9-9 23:39,97
1980,2015-9-9 23:49,97
1981,2015-9-10 0:09,83
1982,2015-9-10 0:19,87
1983,2015-9-10 0:29,90
1984,2015-9-10 0:39,90
1985,2015-9-10 1:09,50
1986,2015-9-10 1:19,93
1987,2015-9-10 1:29,91
1988,2015-9-10 1:49,19
1989,2015-9-10 1:59,19
1990,2015-9-10 2:09,91
1991,2015-9-10 2:19,55
1992,2015-9-10 2:39,50
1993,2015-9-10 2:49,49
1994,2015-9-10 2:59,53
1995,2015-9-10 3:19,52
1996,2015-9-10 3:30,54
1997,2015-9-10 3:59,53
1998,2015-9-10 4:09,85
1999,2015-9-10 4:19,51
2000,2015-9-10 4:29,53
2001,2015-9-10 4:39,18
2002,2015-9-10 4:49,56
2003,2015-9-10 4:59,54
2004,2015-9-10 5:29,10
2005,2015-9-10 5:39,9
2006,2015-9-10 9:19,113
2007,2015-9-10 9:29,116
2008,2015-9-10 9:39,100
2009,2015-9-10 9:59,118
2010,2015-9-10 12:23,117
2011,2015-9-10 14:43,129
2012,2015-9-10 14:53,159
2013,2015-9-10 15:03,169
2014,2015-9-10 15:13,213
2015,2015-9-10 15:43,373
2016,2015-9-10 15:53,405
2017,2015-9-10 16:03,387
2018,2015-9-10 16:13,450
2019,2015-9-10 16:23,434
2020,2015-9-10 16:33,293
2021,2015-9-10 16:43,244
2022,2015-9-10 16:53,238
2023,2015-9-10 17:03,219
2024,2015-9-10 17:13,190
2025,2015-9-10 17:23,202
2026,2015-9-10 17:33,209
2027,2015-9-10 17:43,222
2028,2015-9-10 17:53,185
2029,2015-9-10 18:03,168
2030,2015-9-10 18:13,133
2031,2015-9-10 18:43,141
2032,2015-9-10 19:03,157
2033,2015-9-10 19:13,181
2034,2015-9-10 19:23,627
2035,2015-9-10 19:33,142
2036,2015-9-10 20:23,137
2037,2015-9-10 20:43,150
2038,2015-9-10 22:53,731
2039,2015-9-10 23:13,4630
2040,2015-9-10 23:18,4562
2041,2015-9-11 0:13,4891
2042,2015-9-11 0:25,4813
2043,2015-9-11 5:03,104
2044,2015-9-11 5:33,105
2045,2015-9-11 8:03,107
2046,2015-9-11 8:13,111
2047,2015-9-11 8:33,98
2048,2015-9-11 8:43,119
2049,2015-9-11 9:13,118
2050,2015-9-11 9:23,133
2051,2015-9-11 9:33,148
2052,2015-9-11 9:53,162
2053,2015-9-11 10:13,371
2054,2015-9-11 10:33,148
2055,2015-9-11 10:43,146
2056,2015-9-11 10:53,158
2057,2015-9-11 11:03,175
2058,2015-9-11 11:13,223
2059,2015-9-11 11:23,171
2060,2015-9-11 11:29,162
2061,2015-9-11 11:39,159
2062,2015-9-11 11:49,207
2063,2015-9-11 11:59,156
2064,2015-9-11 12:09,165
2065,2015-9-11 12:19,163
2066,2015-9-11 12:29,195
2067,2015-9-11 12:39,156
2068,2015-9-11 12:49,195
2069,2015-9-11 12:59,154
2070,2015-9-11 13:29,149
2071,2015-9-11 13:39,153
2072,2015-9-11 13:49,128
2073,2015-9-11 13:59,118
2074,2015-9-11 14:09,133
2075,2015-9-11 14:19,168
2076,2015-9-11 14:29,152
2077,2015-9-11 14:39,150
2078,2015-9-11 14:49,146
2079,2015-9-11 14:59,164
2080,2015-9-11 15:09,156
2081,2015-9-11 15:19,158
2082,2015-9-11 15:29,184
2083,2015-9-11 15:39,249
2084,2015-9-11 15:49,232
2085,2015-9-11 15:59,235
2086,2015-9-11 16:09,235
2087,2015-9-11 16:19,253
2088,2015-9-11 16:29,287
2089,2015-9-11 16:39,310
2090,2015-9-11 16:49,327
2091,2015-9-11 16:59,351
2092,2015-9-11 17:09,333
2093,2015-9-11 17:19,329
2094,2015-9-11 17:29,308
2095,2015-9-11 17:39,284
2096,2015-9-11 17:49,284
2097,2015-9-11 17:59,229
2098,2015-9-11 18:09,145
2099,2015-9-11 18:19,196
2100,2015-9-11 18:39,166
2101,2015-9-11 18:49,199
2102,2015-9-11 18:59,197
2103,2015-9-11 19:09,131
2104,2015-9-11 19:12,134
2105,2015-9-11 19:22,134
2106,2015-9-11 19:32,79
2107,2015-9-11 19:42,77
2108,2015-9-11 19:52,95
2109,2015-9-11 20:02,87
2110,2015-9-11 20:12,103
2111,2015-9-11 20:22,90
2112,2015-9-11 20:32,85
2113,2015-9-11 20:42,94
2114,2015-9-11 20:52,115
2115,2015-9-11 21:02,70
2116,2015-9-11 21:12,73
2117,2015-9-11 23:12,163
2118,2015-9-11 23:22,215
2119,2015-9-11 23:32,298
2120,2015-9-11 23:42,302
2121,2015-9-11 23:52,246
2122,2015-9-12 0:02,188
2123,2015-9-12 0:12,124
2124,2015-9-12 0:22,155
2125,2015-9-12 0:42,154
2126,2015-9-12 0:52,156
2127,2015-9-12 1:12,116
2128,2015-9-12 1:42,2769
2129,2015-9-12 1:52,2697
2130,2015-9-12 2:12,2833
2131,2015-9-12 2:20,2730
2132,2015-9-12 2:42,3799
2133,2015-9-12 2:53,3853
2134,2015-9-12 7:12,61
2135,2015-9-12 7:22,102
2136,2015-9-12 7:52,106
2137,2015-9-12 8:42,135
2138,2015-9-12 10:02,110
2139,2015-9-12 10:12,112
2140,2015-9-12 10:32,108
2141,2015-9-12 13:57,118
2142,2015-9-12 14:17,115
2143,2015-9-12 14:27,106
2144,2015-9-12 14:47,132
2145,2015-9-12 15:57,128
2146,2015-9-12 16:17,119
2147,2015-9-12 16:27,132
2148,2015-9-12 16:47,112
2149,2015-9-12 19:27,136
2150,2015-9-12 19:37,134
2151,2015-9-12 21:27,111
2152,2015-9-12 23:27,108
2153,2015-9-12 23:47,95
2154,2015-9-12 23:57,89
2155,2015-9-13 0:37,119
2156,2015-9-13 0:47,116
2157,2015-9-13 0:57,114
2158,2015-9-13 1:07,113
2159,2015-9-13 1:27,78
2160,2015-9-13 1:37,79
2161,2015-9-13 1:47,106
2162,2015-9-13 1:57,104
2163,2015-9-13 2:07,108
2164,2015-9-13 3:07,95
2165,2015-9-13 3:27,101
2166,2015-9-13 4:07,98
2167,2015-9-13 4:27,92
2168,2015-9-13 4:37,15
2169,2015-9-13 4:47,98
2170,2015-9-13 4:57,96
2171,2015-9-13 5:07,100
2172,2015-9-13 5:17,83
2173,2015-9-13 5:27,84
2174,2015-9-13 5:37,87
2175,2015-9-13 5:57,55
2176,2015-9-13 6:17,38
2177,2015-9-13 6:27,37
2178,2015-9-13 6:37,35
2179,2015-9-13 6:47,34
2180,2015-9-13 6:57,34
2181,2015-9-13 7:17,61
2182,2015-9-13 7:27,57
2183,2015-9-13 7:37,96
2184,2015-9-13 7:47,97
2185,2015-9-13 7:57,95
2186,2015-9-13 8:07,99
2187,2015-9-13 8:27,98
2188,2015-9-13 9:07,110
2189,2015-9-13 9:17,104
2190,2015-9-13 9:47,102
2191,2015-9-13 9:57,105
2192,2015-9-13 11:57,119
2193,2015-9-13 12:17,124
2194,2015-9-13 12:47,177
2195,2015-9-13 13:27,113
2196,2015-9-13 14:09,100
2197,2015-9-13 15:19,130
2198,2015-9-13 15:29,115
2199,2015-9-13 15:39,100
2200,2015-9-13 15:49,127
2201,2015-9-13 16:19,136
2202,2015-9-13 16:29,111
2203,2015-9-13 16:49,129
2204,2015-9-13 16:59,127
2205,2015-9-13 17:29,107
2206,2015-9-13 17:59,106
2207,2015-9-13 18:19,106
2208,2015-9-13 18:59,104
2209,2015-9-13 19:09,122
2210,2015-9-13 19:49,99
2211,2015-9-13 19:59,97
2212,2015-9-13 20:09,123
2213,2015-9-13 20:19,114
2214,2015-9-13 20:29,116
2215,2015-9-13 22:09,107
2216,2015-9-13 22:59,103
2217,2015-9-13 23:09,101
2218,2015-9-13 23:29,99
2219,2015-9-14 0:59,100
2220,2015-9-14 1:29,109
2221,2015-9-14 3:19,102
2222,2015-9-14 3:59,109
2223,2015-9-14 5:39,110
2224,2015-9-14 5:49,98
2225,2015-9-14 6:09,97
2226,2015-9-14 6:19,100
2227,2015-9-14 7:49,102
2228,2015-9-14 7:59,106
2229,2015-9-14 9:09,152
2230,2015-9-14 9:19,155
2231,2015-9-14 9:39,164
2232,2015-9-14 9:49,171
2233,2015-9-14 10:09,173
2234,2015-9-14 10:19,201
2235,2015-9-14 10:29,163
2236,2015-9-14 10:39,168
2237,2015-9-14 10:59,159
2238,2015-9-14 11:09,155
2239,2015-9-14 11:19,158
2240,2015-9-14 11:39,167
2241,2015-9-14 11:49,151
2242,2015-9-14 11:59,170
2243,2015-9-14 12:09,161
2244,2015-9-14 12:19,186
2245,2015-9-14 12:29,172
2246,2015-9-14 12:39,194
2247,2015-9-14 12:49,341
2248,2015-9-14 12:59,166
2249,2015-9-14 13:09,173
2250,2015-9-14 13:19,187
2251,2015-9-14 13:39,166
2252,2015-9-14 13:49,178
2253,2015-9-14 13:59,158
2254,2015-9-14 14:09,174
2255,2015-9-14 14:26,136
2256,2015-9-14 14:36,140
2257,2015-9-14 14:46,155
2258,2015-9-14 14:56,190
2259,2015-9-14 15:06,184
2260,2015-9-14 15:16,174
2261,2015-9-14 15:26,150
2262,2015-9-14 15:36,140
2263,2015-9-14 15:46,197
2264,2015-9-14 15:56,193
2265,2015-9-14 16:06,174
2266,2015-9-14 16:16,179
2267,2015-9-14 16:26,161
2268,2015-9-14 16:36,153
2269,2015-9-14 16:46,256
2270,2015-9-14 16:56,285
2271,2015-9-14 17:06,217
2272,2015-9-14 17:16,146
2273,2015-9-14 17:26,142
2274,2015-9-14 17:36,161
2275,2015-9-14 17:46,157
2276,2015-9-14 17:56,164
2277,2015-9-14 18:06,131
2278,2015-9-14 18:16,151
2279,2015-9-14 18:26,178
2280,2015-9-14 18:36,169
2281,2015-9-14 18:46,150
2282,2015-9-14 18:56,124
2283,2015-9-14 19:26,120
2284,2015-9-14 20:06,112
2285,2015-9-14 21:06,91
2286,2015-9-14 21:36,123
2287,2015-9-14 22:46,126
2288,2015-9-14 22:56,160
2289,2015-9-14 23:06,198
2290,2015-9-15 4:26,130
2291,2015-9-15 5:16,138
2292,2015-9-15 6:46,143
2293,2015-9-15 7:26,147
2294,2015-9-15 7:46,136
2295,2015-9-15 7:56,140
2296,2015-9-15 8:16,127
2297,2015-9-15 8:26,131
2298,2015-9-15 8:46,147
2299,2015-9-15 8:56,130
2300,2015-9-15 9:06,125
2301,2015-9-15 10:16,140
2302,2015-9-15 10:26,145
2303,2015-9-15 10:56,135
2304,2015-9-15 11:06,1612
2305,2015-9-15 11:16,1738
2306,2015-9-15 11:26,70
2307,2015-9-15 11:36,109
2308,2015-9-15 11:56,133
2309,2015-9-15 12:36,141
2310,2015-9-15 12:56,134
2311,2015-9-15 13:06,145
2312,2015-9-15 13:26,131
2313,2015-9-15 13:46,137
2314,2015-9-15 13:56,141
2315,2015-9-15 14:06,195
2316,2015-9-15 14:16,163
2317,2015-9-15 14:26,131
2318,2015-9-15 14:36,135
2319,2015-9-15 14:46,148
2320,2015-9-15 14:55,146
2321,2015-9-15 15:05,154
2322,2015-9-15 15:15,147
2323,2015-9-15 15:25,147
2324,2015-9-15 15:35,197
2325,2015-9-15 15:45,211
2326,2015-9-15 15:55,202
2327,2015-9-15 16:05,169
2328,2015-9-15 16:15,143
2329,2015-9-15 16:25,135
2330,2015-9-15 16:35,127
2331,2015-9-15 16:38,128
2332,2015-9-15 17:15,170
2333,2015-9-15 17:25,166
2334,2015-9-15 17:35,160
2335,2015-9-15 17:45,144
2336,2015-9-15 17:55,157
2337,2015-9-15 18:05,156
2338,2015-9-15 18:15,149
2339,2015-9-15 18:25,153
2340,2015-9-15 18:45,163
2341,2015-9-15 18:55,140
2342,2015-9-15 19:15,120
2343,2015-9-15 19:45,115
2344,2015-9-15 20:45,121
2345,2015-9-15 21:05,113
2346,2015-9-15 21:15,116
2347,2015-9-15 21:25,101
2348,2015-9-15 21:45,102
2349,2015-9-15 21:55,103
2350,2015-9-15 22:35,108
2351,2015-9-15 22:45,112
2352,2015-9-15 23:15,107
2353,2015-9-16 2:25,106
2354,2015-9-16 3:55,112
2355,2015-9-16 4:25,125
2356,2015-9-16 5:05,103
2357,2015-9-16 5:15,105
2358,2015-9-16 6:55,129
2359,2015-9-16 7:25,111
2360,2015-9-16 8:35,141
2361,2015-9-16 9:05,116
2362,2015-9-16 9:15,114
2363,2015-9-16 9:45,167
2364,2015-9-16 9:55,139
2365,2015-9-16 10:15,128
2366,2015-9-16 10:35,117
2367,2015-9-16 10:55,126
2368,2015-9-16 11:15,138
2369,2015-9-16 11:25,132
2370,2015-9-16 11:35,103
2371,2015-9-16 11:45,113
2372,2015-9-16 11:55,122
2373,2015-9-16 12:05,127
2374,2015-9-16 12:45,158
2375,2015-9-16 12:55,116
2376,2015-9-16 13:05,125
2377,2015-9-16 13:25,120
2378,2015-9-16 13:45,172
2379,2015-9-16 13:55,170
2380,2015-9-16 14:05,200
2381,2015-9-16 14:15,216
2382,2015-9-16 14:25,183
2383,2015-9-16 14:35,177
2384,2015-9-16 14:45,185
2385,2015-9-16 14:55,224
2386,2015-9-16 15:05,289
2387,2015-9-16 15:15,297
2388,2015-9-16 15:25,258
2389,2015-9-16 15:31,246
2390,2015-9-16 15:41,244
2391,2015-9-16 15:51,214
2392,2015-9-16 16:01,233
2393,2015-9-16 16:11,181
2394,2015-9-16 16:21,194
2395,2015-9-16 16:31,181
2396,2015-9-16 16:41,189
2397,2015-9-16 16:51,197
2398,2015-9-16 17:01,208
2399,2015-9-16 17:11,181
2400,2015-9-16 17:21,166
2401,2015-9-16 17:31,166
2402,2015-9-16 17:41,193
2403,2015-9-16 17:51,172
2404,2015-9-16 18:01,147
2405,2015-9-16 18:11,159
2406,2015-9-16 18:21,179
2407,2015-9-16 18:31,165
2408,2015-9-16 18:41,167
2409,2015-9-16 18:51,191
2410,2015-9-16 19:01,140
2411,2015-9-16 19:11,175
2412,2015-9-16 19:21,143
2413,2015-9-16 19:31,184
2414,2015-9-16 19:41,169
2415,2015-9-16 19:51,126
2416,2015-9-16 20:01,125
2417,2015-9-16 20:11,123
2418,2015-9-16 20:31,129
2419,2015-9-16 20:41,121
2420,2015-9-16 20:51,122
2421,2015-9-16 21:11,117
2422,2015-9-16 21:21,107
2423,2015-9-16 21:31,108
2424,2015-9-16 21:51,97
2425,2015-9-16 22:21,106
2426,2015-9-16 22:31,99
2427,2015-9-16 22:41,114
2428,2015-9-16 23:09,120
2429,2015-9-16 23:41,468
2430,2015-9-17 0:01,474
2431,2015-9-17 0:11,219
2432,2015-9-17 0:21,226
2433,2015-9-17 0:31,420
2434,2015-9-17 0:41,521
2435,2015-9-17 0:51,527
2436,2015-9-17 0:57,609
2437,2015-9-17 1:21,227
2438,2015-9-17 1:41,273
2439,2015-9-17 1:51,303
2440,2015-9-17 2:10,153
2441,2015-9-17 6:01,105
2442,2015-9-17 6:21,113
2443,2015-9-17 6:31,115
2444,2015-9-17 6:41,111
2445,2015-9-17 6:51,109
2446,2015-9-17 7:21,118
2447,2015-9-17 7:31,110
2448,2015-9-17 7:41,107
2449,2015-9-17 7:51,105
2450,2015-9-17 8:11,102
2451,2015-9-17 8:21,108
2452,2015-9-17 8:51,116
2453,2015-9-17 9:01,112
2454,2015-9-17 9:11,114
2455,2015-9-17 9:31,110
2456,2015-9-17 9:51,104
2457,2015-9-17 10:01,111
2458,2015-9-17 10:11,101
2459,2015-9-17 10:21,105
2460,2015-9-17 10:31,104
2461,2015-9-17 10:41,107
2462,2015-9-17 11:11,115
2463,2015-9-17 11:21,110
2464,2015-9-17 11:31,116
2465,2015-9-17 11:41,124
2466,2015-9-17 11:51,120
2467,2015-9-17 12:01,117
2468,2015-9-17 12:11,111
2469,2015-9-17 12:21,136
2470,2015-9-17 12:31,127
2471,2015-9-17 12:41,121
2472,2015-9-17 12:51,131
2473,2015-9-17 13:01,129
2474,2015-9-17 13:11,119
2475,2015-9-17 13:21,134
2476,2015-9-17 13:31,137
2477,2015-9-17 13:41,118
2478,2015-9-17 13:51,114
2479,2015-9-17 14:01,123
2480,2015-9-17 14:11,124
2481,2015-9-17 14:21,132
2482,2015-9-17 14:31,184
2483,2015-9-17 14:41,201
2484,2015-9-17 14:51,209
2485,2015-9-17 15:01,251
2486,2015-9-17 15:11,245
2487,2015-9-17 15:21,215
2488,2015-9-17 15:31,252
2489,2015-9-17 15:34,304
2490,2015-9-17 15:44,239
2491,2015-9-17 15:54,189
2492,2015-9-17 16:04,194
2493,2015-9-17 16:14,245
2494,2015-9-17 16:24,396
2495,2015-9-17 16:34,385
2496,2015-9-17 16:44,285
2497,2015-9-17 16:50,271
2498,2015-9-17 17:00,308
2499,2015-9-17 17:10,305